Names,Prices,Links
Iphone X 64 gb bateria 92 %,320 złdo negocjacji,/d/oferta/iphone-x-64-gb-bateria-92-CID99-ID111UXW.html
iPhone X 64gb Stan Idealny Bateria 100%,850 zł,/d/oferta/iphone-x-64-gb-bateria-92-CID99-ID111UXW.html
Apple iPhone X 256GB Silver BATERIA: 100%,900 zł,/d/oferta/iphone-x-64gb-stan-idealny-bateria-100-CID99-ID10hciJ.html
Iphone X + airpodsy,550 złdo negocjacji,/d/oferta/iphone-x-64gb-stan-idealny-bateria-100-CID99-ID10hciJ.html
iPhone X 256 GB,549 zł,/d/oferta/apple-iphone-x-256gb-silver-bateria-100-CID99-IDYXHm9.html
Apple iPhone X 256 gb / Space Gray / Gwarancja / Raty / Sklep,999 zł,/d/oferta/apple-iphone-x-256gb-silver-bateria-100-CID99-IDYXHm9.html
IPhone x 64gb + 2 etui,500 zł,/d/oferta/iphone-x-airpodsy-CID99-ID112yUj.html
Iphone X ładny stan sprawny 100%,777 złdo negocjacji,/d/oferta/iphone-x-airpodsy-CID99-ID112yUj.html
iPhone x icloud blokada,100 zł,/d/oferta/iphone-x-256-gb-CID99-ID112y9F.html
Iphone X 64gb w idealnym stanie,800 zł,/d/oferta/iphone-x-256-gb-CID99-ID112y9F.html
iPhone X 256 GB kondycja baterii 100%,500 zł,/d/oferta/apple-iphone-x-256-gb-space-gray-gwarancja-raty-sklep-CID99-IDVXnkR.html
iPhone X ładny z baterią 100%,650 złdo negocjacji,/d/oferta/apple-iphone-x-256-gb-space-gray-gwarancja-raty-sklep-CID99-IDVXnkR.html
iPhone X 64GB !przecena!,600 złdo negocjacji,/d/oferta/iphone-x-64gb-2-etui-CID99-ID112vw2.html
iphone X czarny stan idealny,750 zł,/d/oferta/iphone-x-64gb-2-etui-CID99-ID112vw2.html
iPhone X 64gb Silver Bateria 94% Stan Bardzo Dobry,740 zł,/d/oferta/iphone-x-ladny-stan-sprawny-100-CID99-ID112wMU.html
Iphone X Bialy 64GB,550 złdo negocjacji,/d/oferta/iphone-x-ladny-stan-sprawny-100-CID99-ID112wMU.html
Apple iPhone X 10 64GB Space Gray Bez Blokad Super Stan,599 zł,/d/oferta/iphone-x-icloud-blokada-CID99-ID112u6H.html
Apple iPhone X 10 256GB Space Gray Bez Blokad Super Stan,749 zł,/d/oferta/iphone-x-icloud-blokada-CID99-ID112u6H.html
Apple iPhone X 256 GB Silver • Stan BDB • Bateria 89%,650 zł,/d/oferta/iphone-x-64gb-w-idealnym-stanie-CID99-IDXs4up.html
iphone X w bardzo dobrym stanie,380 złdo negocjacji,/d/oferta/iphone-x-64gb-w-idealnym-stanie-CID99-IDXs4up.html
IPhone X 64 GB bateria 75%,500 złdo negocjacji,/d/oferta/iphone-x-256-gb-kondycja-baterii-100-CID99-IDXs2Ml.html
iPhone X 64 GB używany,450 złdo negocjacji,/d/oferta/iphone-x-256-gb-kondycja-baterii-100-CID99-IDXs2Ml.html
Telefon Apple iPhone X 64 GB Space Gray Bateria 72%,599 zł,/d/oferta/iphone-x-ladny-z-bateria-100-CID99-ID112oZx.html
Iphone X 64gb 77% kondycji baterii,600 zł,/d/oferta/iphone-x-ladny-z-bateria-100-CID99-ID112oZx.html
Iphone X 64gb 100% bateria,650 zł,/d/oferta/iphone-x-64gb-przecena-CID99-ID10CN2j.html
Apple - Iphone X 64 GB. Biały / Plecki - kilka gratis,580 złdo negocjacji,/d/oferta/iphone-x-64gb-przecena-CID99-ID10CN2j.html
iPhone X | 64 GB | Gwiezdna szarość | +Nowy Przewód USB-Lightning/Etui,800 złdo negocjacji,/d/oferta/iphone-x-czarny-stan-idealny-CID99-ID10YAi1.html
Iphone x sprawny,450 zł,/d/oferta/iphone-x-czarny-stan-idealny-CID99-ID10YAi1.html
IPhone X 256gb Czarny Igła 96%,720 zł,/d/oferta/iphone-x-64gb-silver-bateria-94-stan-bardzo-dobry-CID99-ID10hcAC.html
IPhone X 64gb Czarny Zadbany 90%,650 złdo negocjacji,/d/oferta/iphone-x-64gb-silver-bateria-94-stan-bardzo-dobry-CID99-ID10hcAC.html
IPhone X 256gb Idealny / zadbany,720 zł,/d/oferta/iphone-x-bialy-64gb-CID99-ID112lks.html
Iphone X 64 gb bateria 92 %,320 złdo negocjacji,/d/oferta/iphone-x-bialy-64gb-CID99-ID112lks.html
Iphone X 256gb 100% sprawny Face ID działa!!,1 000 zł,/d/oferta/apple-iphone-x-10-64gb-space-gray-bez-blokad-super-stan-CID99-IDVqdSk.html
Iphone X 64GB stan idealny 81% bateria,550 zł,/d/oferta/apple-iphone-x-10-64gb-space-gray-bez-blokad-super-stan-CID99-IDVqdSk.html
iPhone X 64 gb Apple,420 złdo negocjacji,/d/oferta/apple-iphone-x-10-256gb-space-gray-bez-blokad-super-stan-CID99-IDVqbu2.html
Smartfon Apple iPhone X 64 GB,550 złdo negocjacji,/d/oferta/apple-iphone-x-10-256gb-space-gray-bez-blokad-super-stan-CID99-IDVqbu2.html
Taptic engine iPhone x,30 zł,/d/oferta/apple-iphone-x-256-gb-silver-stan-bdb-bateria-89-CID99-ID112jiI.html
Pudelko iphone X,40 złdo negocjacji,/d/oferta/apple-iphone-x-256-gb-silver-stan-bdb-bateria-89-CID99-ID112jiI.html
"iPhone X z pamięcią 64GB - bateria 88%, wszystko działa",550 zł,/d/oferta/iphone-x-w-bardzo-dobrym-stanie-CID99-ID112hUp.html
"Iphone X 64gb,elegancki stan.",Zamienię,/d/oferta/iphone-x-w-bardzo-dobrym-stanie-CID99-ID112hUp.html
Iphone X zadbany do negocjacji,750 złdo negocjacji,/d/oferta/iphone-x-64-gb-bateria-75-CID99-ID10BUyX.html
"iPhone X, 64GB, stan bardzo dobry",620 złdo negocjacji,/d/oferta/iphone-x-64-gb-bateria-75-CID99-ID10BUyX.html
iPhone X Sliver 256gb,700 złdo negocjacji,/d/oferta/iphone-x-64-gb-uzywany-CID99-ID112dar.html
iPhone X 64 GB używany rezerwacja,400 zł,/d/oferta/iphone-x-64-gb-uzywany-CID99-ID112dar.html
iPhone X silver 64gb,800 złdo negocjacji,/d/oferta/telefon-apple-iphone-x-64-gb-space-gray-bateria-72-CID99-ID10dNJj.html
,,/d/oferta/telefon-apple-iphone-x-64-gb-space-gray-bateria-72-CID99-ID10dNJj.html
,,/d/oferta/iphone-x-64gb-77-kondycji-baterii-CID99-ID112a2o.html
,,/d/oferta/iphone-x-64gb-77-kondycji-baterii-CID99-ID112a2o.html
,,/d/oferta/iphone-x-64gb-100-bateria-CID99-IDZugRu.html
,,/d/oferta/iphone-x-64gb-100-bateria-CID99-IDZugRu.html
,,/d/oferta/apple-iphone-x-64-gb-bialy-plecki-kilka-gratis-CID99-IDZs2im.html
,,/d/oferta/apple-iphone-x-64-gb-bialy-plecki-kilka-gratis-CID99-IDZs2im.html
,,/d/oferta/iphone-x-64-gb-gwiezdna-szarosc-nowy-przewod-usb-lightning-etui-CID99-IDXrC8V.html
,,/d/oferta/iphone-x-64-gb-gwiezdna-szarosc-nowy-przewod-usb-lightning-etui-CID99-IDXrC8V.html
,,/d/oferta/iphone-x-sprawny-CID99-ID10SQgW.html
,,/d/oferta/iphone-x-sprawny-CID99-ID10SQgW.html
,,/d/oferta/iphone-x-256gb-czarny-igla-96-CID99-IDYJwo6.html
,,/d/oferta/iphone-x-256gb-czarny-igla-96-CID99-IDYJwo6.html
,,/d/oferta/iphone-x-64gb-czarny-zadbany-90-CID99-IDYJwin.html
,,/d/oferta/iphone-x-64gb-czarny-zadbany-90-CID99-IDYJwin.html
,,/d/oferta/iphone-x-256gb-idealny-zadbany-CID99-IDVv7g1.html
,,/d/oferta/iphone-x-256gb-idealny-zadbany-CID99-IDVv7g1.html
,,/d/oferta/iphone-x-64-gb-bateria-92-CID99-ID111UXW.html
,,/d/oferta/iphone-x-64-gb-bateria-92-CID99-ID111UXW.html
,,/d/oferta/iphone-x-256gb-100-sprawny-face-id-dziala-CID99-IDSTwMl.html
,,/d/oferta/iphone-x-256gb-100-sprawny-face-id-dziala-CID99-IDSTwMl.html
,,/d/oferta/iphone-x-64gb-stan-idealny-81-bateria-CID99-ID111SdU.html
,,/d/oferta/iphone-x-64gb-stan-idealny-81-bateria-CID99-ID111SdU.html
,,/d/oferta/iphone-x-64-gb-apple-CID99-ID111RRq.html
,,/d/oferta/iphone-x-64-gb-apple-CID99-ID111RRq.html
,,/d/oferta/smartfon-apple-iphone-x-64-gb-CID99-ID111QGG.html
,,/d/oferta/smartfon-apple-iphone-x-64-gb-CID99-ID111QGG.html
,,/d/oferta/taptic-engine-iphone-x-CID99-ID10beb4.html
,,/d/oferta/taptic-engine-iphone-x-CID99-ID10beb4.html
,,/d/oferta/pudelko-iphone-x-CID99-ID10y4Nn.html
,,/d/oferta/pudelko-iphone-x-CID99-ID10y4Nn.html
,,/d/oferta/iphone-x-z-pamiecia-64gb-bateria-88-wszystko-dziala-CID99-ID111Lji.html
,,/d/oferta/iphone-x-z-pamiecia-64gb-bateria-88-wszystko-dziala-CID99-ID111Lji.html
,,/d/oferta/iphone-x-64gb-elegancki-stan-CID99-ID111KdO.html
,,/d/oferta/iphone-x-64gb-elegancki-stan-CID99-ID111KdO.html
,,/d/oferta/iphone-x-zadbany-do-negocjacji-CID99-IDUEYdx.html
,,/d/oferta/iphone-x-zadbany-do-negocjacji-CID99-IDUEYdx.html
,,/d/oferta/iphone-x-64gb-stan-bardzo-dobry-CID99-IDU1JI7.html
,,/d/oferta/iphone-x-64gb-stan-bardzo-dobry-CID99-IDU1JI7.html
,,/d/oferta/iphone-x-sliver-256gb-CID99-ID111GrC.html
,,/d/oferta/iphone-x-sliver-256gb-CID99-ID111GrC.html
,,/d/oferta/iphone-x-64-gb-uzywany-rezerwacja-CID99-ID111Ef8.html
,,/d/oferta/iphone-x-64-gb-uzywany-rezerwacja-CID99-ID111Ef8.html
,,/d/oferta/iphone-x-silver-64gb-CID99-IDVec3t.html
,,/d/oferta/iphone-x-silver-64gb-CID99-IDVec3t.html
